SQUAREID,LINESET,NR_UBICAZIONI
155,DG1031221,4
272,DG1031221,72
273,DG1031221,21
276,DG1003117,34
277,DG1003117,3
389,DG1031221,65
390,DG1031221,8
393,DG1003117,25
506,DG1031221,12
507,DG1031221,27
624,DG1031221,5
625,DG1031221,6
626,DG1003117,2
635,DG1003117,7
737,DG1031220,9
738,DG1031220,1
740,DG1031221,7
741,DG1031221,355
742,DG1031221,32
743,DG1003117,10
743,DG1031221,74
752,DG1003117,5
854,DG1031220,20
857,DG1031221,8
858,DG1031221,80
859,DG1031221,414
860,DG1003117,2
860,DG1031221,174
861,DG1003117,22
861,DG1031221,3
862,DG1003117,5
867,DG1003117,4
868,DG1003117,92
869,DG1003117,17
973,DG1031221,1
974,DG1031221,2
976,DG1031221,3
977,DG1031221,5
978,DG1003117,4
978,DG1031221,2
979,DG1003117,9
980,DG1003117,47
982,DG1003117,2
983,DG1003117,23
984,DG1003117,1
1087,DG1031220,3
1088,DG1031220,4
1089,DG1031220,13
1091,DG1031220,1
1092,DG1031220,1
1096,DG1003117,13
1097,DG1003117,767
1098,DG1003117,133
1099,DG1003117,6
1106,DG1003315,17
1108,DG1003315,26
1109,DG1003315,1
1110,DG1003315,1
1206,DG1031220,3
1207,DG1031220,3
1209,DG1031220,2
1214,DG1003101,3
1214,DG1003117,217
1215,DG1003101,7
1215,DG1003103,8
1215,DG1003117,52
1223,DG1003315,206
1224,DG1003315,35
1225,DG1003315,35
1226,DG1003315,4
1227,DG1003315,6
1323,DG1031220,9
1324,DG1031220,8
1325,DG1031220,2
1326,DG1031220,3
1327,DG1031220,1
1331,DG1003117,53
1332,DG1003117,1
1332,DG1003119,49
1339,DG1003315,14
1340,DG1003315,26
1341,DG1003315,67
1342,DG1003315,4
1440,DG1031220,27
1441,DG1012421,11
1441,DG1031220,56
1442,DG1012421,9
1442,DG1031220,1
1443,DG1031220,150
1444,DG1031220,45
1446,DG1031220,2
1447,DG1031220,1
1448,DG1003117,2
1449,DG1003117,4
1449,DG1003119,24
1450,DG1003119,33
1451,DG1003119,2
1456,DG1003315,48
1457,DG1003315,122
1458,DG1003315,3
1558,DG1012421,42
1559,DG1012421,14
1560,DG1031220,5
1561,DG1031220,9
1562,DG1031220,7
1563,DG1031220,96
1566,DG1003117,25
1567,DG1003116,83
1567,DG1003119,1
1572,DG1003315,65
1573,DG1003315,90
1574,DG1003315,25
1675,DG1012421,6
1676,DG1012421,33
1677,DG1012421,3
1678,DG1031220,53
1679,DG1012421,2
1679,DG1031220,60
1680,DG1012421,24
1683,DG1003116,12
1683,DG1003117,31
1684,DG1003116,174
1689,DG1003315,30
1690,DG1003315,36
1793,DG1012421,3
1794,DG1012421,17
1795,DG1012421,69
1795,DG1031220,29
1796,DG1012421,42
1797,DG1012421,71
1798,DG1003117,9
1799,DG1003117,157
1800,DG1003116,155
1800,DG1003117,15
1806,DG1003315,21
1910,DG1012421,2
1911,DG1012421,34
1912,DG1012421,436
1913,DG1012421,263
1914,DG1012421,169
1915,DG1003117,1
1915,DG1012921,7
1916,DG1003116,1
1916,DG1003117,12
1916,DG1012921,22
1917,DG1003116,2
1921,DG1003315,4
1922,DG1003315,34
1923,DG1003315,67
1924,DG1003315,1
2022,DG1012420,2
2028,DG1012421,11
2029,DG1012421,6
2030,DG1012421,3
2031,DG1012421,2
2031,DG1012921,2
2032,DG1012921,5
2033,DG1003116,10
2033,DG1003117,2
2033,DG1012921,7
2034,DG1003116,11
2040,DG1003315,1
2139,DG1012420,7
2145,DG1012421,2
2146,DG1012421,120
2147,DG1012421,145
2148,DG1012421,3
2148,DG1012921,21
2149,DG1012921,6
2150,DG1003116,134
2150,DG1012921,7
2151,DG1003116,79
2155,DG1003315,32
2156,DG1003315,48
2253,DG1012427,74
2256,DG1012420,2
2258,DG1012420,16
2261,DG1012907,1
2262,DG1012421,2
2262,DG1012907,3
2263,DG1012421,51
2263,DG1012921,1
2264,DG1012421,5
2264,DG1012921,23
2265,DG1012421,3
2265,DG1012905,2
2265,DG1012921,519
2266,DG1012921,141
2267,DG1003116,215
2267,DG1012915,2
2268,DG1003116,88
2271,DG1003315,13
2272,DG1003315,2
2351,DG1012320,3
2351,DG1012327,3
2363,DG1012427,7
2364,DG1012427,25
2366,DG1012427,1
2367,DG1012427,2
2370,DG1012427,21
2373,DG1012420,1
2378,DG1012907,25
2379,DG1012421,1
2379,DG1012905,1
2379,DG1012907,25
2380,DG1012421,1
2380,DG1012921,1
2381,DG1012921,246
2382,DG1012921,361
2383,DG1012907,4
2383,DG1012921,167
2384,DG1003116,1
2384,DG1012907,3
2384,DG1012915,10
2384,DG1012921,19
2385,DG1003116,11
2385,DG1012922,2
2388,DG1003315,45
2389,DG1003315,3
2390,DG1003315,136
2391,DG1003315,22
2468,DG1012320,11
2469,DG1012320,2
2473,DG1000023,6
2474,DG1000023,7
2480,DG1012427,8
2481,DG1012427,133
2482,DG1012427,30
2483,DG1012427,382
2484,DG1012427,135
2485,DG1012427,19
2486,DG1012427,95
2487,DG1012427,4
2491,DG1012420,6
2493,DG1012421,11
2495,DG1012907,3
2496,DG1012907,107
2497,DG1012907,63
2498,DG1012907,71
2500,DG1012917,4
2500,DG1012921,61
2501,DG1012905,5
2501,DG1012907,31
2501,DG1012908,5
2501,DG1012915,25
2501,DG1012917,4
2502,DG1012902,6
2502,DG1012905,37
2502,DG1012908,20
2502,DG1012915,1
2502,DG1012922,31
2502,DG1012928,3
2502,DG1012929,3
2503,DG1012902,414
2503,DG1012922,15
2504,DG1012902,15
2505,DG1003315,3
2506,DG1003315,65
2507,DG1003315,98
2508,DG1003315,2
2514,DG1003318,33
2515,DG1003318,83
2516,DG1003318,4
2586,DG1012320,82
2586,DG1012321,5
2587,DG1012321,4
2591,DG1000023,14
2592,DG1000023,20
2597,DG1012427,51
2598,DG1012427,107
2599,DG1012427,23
2600,DG1012427,22
2601,DG1012427,1
2607,DG1012420,20
2608,DG1012420,68
2610,DG1012421,1
2612,DG1012907,22
2613,DG1012907,99
2615,DG1012907,9
2616,DG1012907,2
2619,DG1012901,4
2619,DG1012908,11
2619,DG1012917,1
2619,DG1012928,15
2619,DG1012929,17
2620,DG1003302,205
2620,DG1012901,2
2620,DG1012902,268
2620,DG1012928,2
2620,DG1013015,4
2621,DG1003302,16
2621,DG1012902,10
2622,DG1003302,15
2623,DG1003302,7
2623,DG1003315,79
2623,DG1003316,1
2624,DG1003315,2
2624,DG1003317,13
2625,DG1003317,39
2626,DG1003318,11
2630,DG1003318,33
2631,DG1003318,18
2632,DG1003318,39
2635,DG1003318,3
2636,DG1003318,1
2702,DG1013320,1
2703,DG1012320,206
2703,DG1012321,4
2703,DG1013320,6
2704,DG1012320,113
2704,DG1012321,10
2704,DG1013320,74
2709,DG1000023,15
2713,DG1012427,46
2714,DG1012427,173
2715,DG1012427,23
2716,DG1012427,36
2725,DG1012420,32
2726,DG1012421,2
2730,DG1012907,81
2731,DG1012907,76
2736,DG1012901,73
2736,DG1013001,188
2736,DG1013017,22
2737,DG1003302,52
2737,DG1012901,39
2737,DG1013001,81
2737,DG1013004,3
2737,DG1013007,1
2737,DG1013015,196
2737,DG1013017,131
2738,DG1003302,138
2738,DG1003317,9
2738,DG1013001,21
2738,DG1013002,16
2738,DG1013007,133
2738,DG1013015,19
2738,DG1013023,118
2739,DG1003302,93
2739,DG1003315,4
2739,DG1003316,1
2739,DG1003317,48
2740,DG1003315,7
2740,DG1003317,222
2740,DG1003318,11
2741,DG1003317,49
2741,DG1003318,5
2742,DG1003317,5
2743,DG1003318,21
2744,DG1003317,19
2744,DG1003318,2
2745,DG1003317,38
2745,DG1003318,48
2746,DG1003317,31
2746,DG1003318,89
2747,DG1003317,51
2747,DG1003318,78
2750,DG1003318,5
2751,DG1003318,6
2752,DG1003318,9
2819,DG1013320,1
2820,DG1013320,82
2821,DG1013320,19
2821,DG1013321,1
2822,DG1013321,1
2829,DG1012427,52
2830,DG1012427,360
2831,DG1012427,10
2842,DG1012420,13
2842,DG1012430,14
2843,DG1012421,4
2845,DG1000625,4
2847,DG1012907,37
2848,DG1012907,258
2849,DG1012907,37
2853,DG1012901,23
2853,DG1013001,94
2854,DG1012901,24
2854,DG1013001,127
2854,DG1013002,101
2854,DG1013004,251
2854,DG1013016,13
2854,DG1013017,4
2855,DG1003317,4
2855,DG1012905,1
2855,DG1013002,383
2855,DG1013004,113
2855,DG1013016,173
2855,DG1013023,321
2856,DG1003317,75
2856,DG1013023,31
2857,DG1003301,57
2857,DG1003317,12
2857,DG1003318,9
2858,DG1003317,37
2862,DG1003317,1
2863,DG1003317,58
2864,DG1003317,178
2865,DG1003317,3
2866,DG1003317,26
2869,DG1003318,1
2937,DG1013321,28
2938,DG1013321,66
2939,DG1013321,10
2947,DG1012427,96
2948,DG1012427,55
2958,DG1012425,5
2958,DG1012426,25
2958,DG1012427,14
2959,DG1012423,2
2959,DG1012424,41
2959,DG1012427,7
2960,DG1012420,47
2960,DG1012421,4
2961,DG1000625,17
2962,DG1000625,5
2963,DG1000625,20
2964,DG1000625,1
2964,DG1012907,20
2966,DG1012907,9
2967,DG1012907,7
2969,DG1013701,13
2970,DG1013701,148
2971,DG1012901,66
2971,DG1012905,1
2971,DG1013002,87
2971,DG1013016,51
2971,DG1013701,7
2971,DG1013702,1
2972,DG1013004,2
2972,DG1013016,354
2972,DG1013023,175
2973,DG1003301,36
2973,DG1013023,28
2974,DG1003301,21
2975,DG1003317,40
2977,DG1003317,7
2978,DG1003317,7
2980,DG1003317,3
2981,DG1003317,89
2982,DG1003301,2
2983,DG1003301,44
2983,DG1003317,10
2984,DG1000425,4
2985,DG1000425,3
3053,DG1013321,6
3054,DG1013321,26
3055,DG1013321,194
3056,DG1013320,24
3056,DG1013321,83
3057,DG1013320,4
3064,DG1012427,114
3065,DG1012427,23
3072,DG1012427,12
3073,DG1012425,75
3073,DG1012427,135
3074,DG1012425,84
3074,DG1012426,28
3074,DG1012427,9
3075,DG1012424,21
3075,DG1012425,49
3075,DG1012426,104
3076,DG1012424,369
3076,DG1012425,13
3077,DG1000625,5
3077,DG1012420,6
3077,DG1012421,3
3077,DG1012424,54
3078,DG1000625,489
3078,DG1012421,29
3079,DG1000625,68
3080,DG1000625,8
3081,DG1000625,14
3084,DG1012907,3
3086,DG1013701,53
3087,DG1013701,206
3088,DG1012901,1
3088,DG1012923,3
3088,DG1013701,104
3088,DG1013702,8
3088,DG1013708,1
3089,DG1013016,76
3089,DG1013702,113
3089,DG1013708,7
3090,DG1013023,3
3091,DG1003301,3
3096,DG1003301,65
3097,DG1003301,46
3098,DG1003301,1
3099,DG1003301,1
3099,DG1003317,28
3100,DG1003301,73
3102,DG1000425,1
3170,DG1013321,2
3171,DG1013321,1
3171,DG1013323,25
3172,DG1013323,5
3173,DG1013320,1
3173,DG1013323,7
3174,DG1013320,7
3174,DG1013325,4
3181,DG1012427,6
3182,DG1012427,9
3189,DG1012427,76
3190,DG1012425,3
3190,DG1012427,66
3191,DG1012425,127
3192,DG1012424,7
3192,DG1012425,524
3193,DG1000625,3
3193,DG1012424,310
3193,DG1012425,29
3194,DG1000625,71
3194,DG1012424,659
3195,DG1000625,36
3195,DG1012421,166
3195,DG1012424,1
3196,DG1000625,1
3197,DG1000625,2
3198,DG1000625,4
3202,DG1013701,2
3203,DG1013701,107
3204,DG1013701,248
3205,DG1013701,250
3205,DG1013707,73
3206,DG1003301,22
3206,DG1013702,42
3207,DG1003301,411
3208,DG1003301,213
3209,DG1003301,18
3210,DG1003301,5
3212,DG1003301,11
3213,DG1003301,86
3214,DG1003301,37
3215,DG1003301,300
3216,DG1000421,232
3216,DG1003301,275
3217,DG1000421,229
3217,DG1003301,4
3218,DG1000421,4
3219,DG1000421,23
3219,DG1000425,45
3221,DG1000425,4
3287,DG1013323,2
3288,DG1013323,23
3289,DG1013323,44
3290,DG1013322,29
3290,DG1013323,15
3291,DG1013322,5
3291,DG1013325,228
3292,DG1013325,30
3299,DG1012427,13
3308,DG1012425,3
3309,DG1012425,31
3310,DG1000625,26
3310,DG1012425,2
3311,DG1000625,124
3312,DG1000625,15
3319,DG1013701,14
3320,DG1013701,173
3321,DG1013701,12
3322,DG1013701,14
3322,DG1013704,61
3322,DG1013707,23
3323,DG1013704,371
3324,DG1013704,21
3324,DG1013707,12
3325,DG1003301,3
3325,DG1013704,2
3325,DG1013707,313
3326,DG1013707,26
3327,DG1003301,73
3327,DG1013703,3
3328,DG1013703,1
3329,DG1013703,73
3330,DG1003301,8
3331,DG1003301,14
3332,DG1003301,18
3333,DG1000421,3
3334,DG1000421,97
3335,DG1000421,11
3336,DG1000421,113
3336,DG1000425,17
3337,DG1000421,1
3339,DG1000425,1
3340,DG1000425,19
3341,DG1000425,22
3342,DG1000425,8
3344,DG1000425,56
3345,DG1000425,182
3346,DG1000425,1
3405,DG1013323,9
3406,DG1013322,12
3406,DG1013323,12
3407,DG1013322,81
3407,DG1022123,111
3408,DG1013322,1
3408,DG1013325,91
3408,DG1022123,147
3409,DG1013325,120
3409,DG1022123,103
3410,DG1013325,47
3411,DG1013325,12
3427,DG1000625,11
3427,DG1012425,1
3428,DG1000625,17
3429,DG1000624,6
3429,DG1000625,7
3429,DG1012421,8
3430,DG1012421,3
3431,DG1000622,5
3437,DG1013701,23
3438,DG1013701,14
3439,DG1013701,19
3440,DG1013704,4
3441,DG1013704,89
3442,DG1013704,2
3442,DG1013707,5
3443,DG1003301,10
3443,DG1013707,11
3444,DG1003301,28
3444,DG1013703,237
3445,DG1013703,171
3450,DG1003301,1
3454,DG1000421,100
3454,DG1000425,101
3455,DG1000425,38
3456,DG1000425,160
3457,DG1000425,16
3458,DG1000425,166
3460,DG1000425,41
3461,DG1000425,5
3521,DG1013322,23
3522,DG1013322,18
3523,DG1013322,14
3524,DG1013322,13
3524,DG1022123,34
3525,DG1022123,152
3526,DG1022123,100
3527,DG1022123,27
3544,DG1012425,5
3545,DG1000624,4
3545,DG1012425,3
3546,DG1000624,192
3546,DG1000625,1
3547,DG1000622,2
3548,DG1000622,22
3554,DG1013701,1
3555,DG1013701,22
3558,DG1013704,37
3559,DG1013704,4
3561,DG1013703,3
3562,DG1013703,443
3571,DG1000421,2
3572,DG1000421,12
3572,DG1000425,6
3573,DG1000425,252
3574,DG1000425,217
3575,DG1000425,202
3576,DG1000425,1
3578,DG1000425,2
3579,DG1000425,1
3637,DG1013322,7
3638,DG1013322,12
3643,DG1022123,12
3644,DG1022123,18
3662,DG1000624,4
3663,DG1000624,234
3663,DG1000625,39
3664,DG1000625,30
3665,DG1000622,16
3666,DG1000622,1
3667,DG1000622,1
3672,DG1013701,38
3673,DG1013701,27
3674,DG1011923,5
3678,DG1011923,1
3679,DG1013703,30
3687,DG1000421,46
3689,DG1000421,31
3689,DG1000425,1
3690,DG1000425,163
3691,DG1000425,97
3692,DG1000425,7
3694,DG1000425,39
3695,DG1000425,1
3752,DG1013322,4
3753,DG1013322,29
3754,DG1013322,16
3755,DG1013322,3
3761,DG1022123,3
3778,DG1012425,2
3779,DG1012425,25
3780,DG1000625,84
3781,DG1000625,239
3782,DG1000622,12
3782,DG1000625,1
3783,DG1000622,88
3784,DG1000622,68
3785,DG1000622,91
3786,DG1000622,28
3787,DG1000622,4
3790,DG1013701,67
3791,DG1011923,11
3791,DG1013701,14
3792,DG1011923,7
3794,DG1011923,16
3795,DG1011923,1
3795,DG1011930,1
3796,DG1013703,1
3804,DG1000421,8
3805,DG1000421,42
3808,DG1000425,3
3809,DG1000425,1
3810,DG1000425,48
3811,DG1000425,70
3812,DG1000425,6
3868,DG1013322,15
3869,DG1013322,49
3870,DG1013322,10
3895,DG1012425,15
3896,DG1012425,63
3898,DG1000620,1
3899,DG1000622,8
3900,DG1000622,93
3901,DG1000622,5
3902,DG1000622,48
3903,DG1000622,97
3908,DG1011923,2
3909,DG1011923,28
3910,DG1011923,4
3911,DG1011923,129
3911,DG1011930,20
3912,DG1011923,7
3912,DG1011930,57
3913,DG1011930,1
3913,DG1013703,4
3921,DG1000421,52
3922,DG1000421,173
3923,DG1000421,9
3927,DG1000425,4
3929,DG1000425,2
3953,DG1099303,2
3985,DG1013322,10
3997,DG1022123,10
4015,DG1000620,9
4016,DG1000620,9
4017,DG1000622,8
4019,DG1000622,118
4020,DG1000622,232
4026,DG1011923,82
4027,DG1011923,201
4028,DG1011923,308
4028,DG1011930,3
4029,DG1011923,47
4029,DG1011930,205
4030,DG1011930,10
4031,DG1011930,1
4037,DG1000420,2
4039,DG1000421,14
4040,DG1000421,131
4069,DG1099303,1
4070,DG1099303,1
4071,DG1099303,3
4073,DG1099303,18
4074,DG1000821,23
4101,DG1013322,1
4102,DG1013322,1
4114,DG1022123,199
4115,DG1022123,31
4133,DG1000620,12
4134,DG1000622,37
4135,DG1000622,12
4136,DG1000622,284
4137,DG1000622,13
4144,DG1011923,17
4145,DG1011923,62
4146,DG1011923,10
4147,DG1011930,1
4148,DG1011930,14
4154,DG1000420,13
4155,DG1000420,20
4156,DG1000420,2
4157,DG1000421,82
4158,DG1000421,3
4184,DG1099303,7
4185,DG1099303,2
4186,DG1099303,2
4187,DG1099303,2
4191,DG1000821,87
4217,DG1013322,2
4218,DG1013322,2
4230,DG1022123,15
4231,DG1022123,56
4232,DG1022123,187
4249,DG1000620,2
4250,DG1000620,1
4252,DG1000621,3
4252,DG1000622,15
4253,DG1000622,67
4254,DG1000622,179
4261,DG1011923,3
4262,DG1011923,127
4263,DG1011923,5
4264,DG1011923,3
4264,DG1011930,4
4265,DG1011930,116
4266,DG1011930,12
4268,DG1011930,1
4269,DG1000420,1
4270,DG1000420,55
4271,DG1000420,45
4272,DG1000420,385
4273,DG1000420,38
4274,DG1000420,22
4274,DG1000421,6
4275,DG1000420,6
4276,DG1000496,1
4302,DG1099303,1
4307,DG1000821,182
4308,DG1000821,29
4346,DG1022123,21
4347,DG1022123,26
4348,DG1022123,2
4349,DG1022123,38
4350,DG1022123,3
4367,DG1000620,7
4368,DG1000620,9
4368,DG1000621,2
4369,DG1000621,41
4370,DG1000621,1
4371,DG1000622,26
4379,DG1011923,50
4380,DG1011923,9
4381,DG1011923,39
4382,DG1011923,4
4382,DG1011930,595
4383,DG1011930,167
4384,DG1011930,53
4385,DG1011930,16
4386,DG1000420,8
4386,DG1011930,12
4387,DG1000420,195
4388,DG1000420,483
4389,DG1000420,117
4390,DG1000420,217
4390,DG1000422,1
4391,DG1000420,441
4391,DG1000422,58
4392,DG1000420,73
4394,DG1000422,10
4400,DG1002021,2
4401,DG1002021,12
4402,DG1002021,13
4403,DG1002021,42
4404,DG1002021,22
4405,DG1002021,6
4423,DG1000821,52
4424,DG1000821,187
4462,DG1022123,27
4463,DG1022123,20
4465,DG1022124,1
4466,DG1022123,6
4466,DG1022124,4
4467,DG1022123,7
4467,DG1022125,1
4468,DG1022121,5
4485,DG1000620,112
4485,DG1000621,122
4485,DG1013223,16
4486,DG1000621,37
4486,DG1013222,24
4488,DG1000622,80
4492,DG1002539,7
4493,DG1002539,1
4496,DG1002539,59
4497,DG1011923,222
4498,DG1011923,91
4499,DG1011930,196
4500,DG1011930,173
4501,DG1011930,8
4502,DG1011930,3
4504,DG1000420,7
4505,DG1000420,2
4506,DG1000420,1
4507,DG1000422,73
4508,DG1000422,2
4516,DG1000423,1
4517,DG1000423,6
4518,DG1000423,1
4518,DG1002021,9
4519,DG1002021,1
4520,DG1002021,10
4521,DG1002021,12
4522,DG1002021,38
4523,DG1002021,34
4538,DG1000821,6
4539,DG1000821,9
4540,DG1000821,84
4541,DG1000821,42
4568,DG1013322,2
4569,DG1013322,1
4578,DG1022123,22
4579,DG1022123,13
4585,DG1022121,4
4586,DG1022121,131
4587,DG1022121,1
4588,DG1022121,4
4602,DG1013223,72
4603,DG1013222,95
4605,DG1000621,235
4605,DG1000622,7
4609,DG1002539,3
4611,DG1002539,10
4614,DG1011923,11
4615,DG1011923,18
4616,DG1011930,10
4616,DG1011931,8
4617,DG1011930,13
4617,DG1011931,16
4618,DG1011930,9
4619,DG1011930,3
4622,DG1000422,1
4623,DG1000422,25
4624,DG1000422,94
4632,DG1000423,21
4633,DG1000423,20
4634,DG1000423,186
4635,DG1000423,132
4636,DG1000423,1
4636,DG1010901,28
4640,DG1002021,8
4641,DG1002021,13
4642,DG1002021,1
4652,DG1000821,66
4653,DG1000821,22
4653,DG1000824,1
4654,DG1000821,1
4654,DG1000824,1
4654,DG1000825,9
4655,DG1000821,1
4655,DG1000825,288
4656,DG1000821,3
4656,DG1000825,80
4685,DG1013322,7
4702,DG1022120,3
4703,DG1022121,17
4704,DG1022121,37
4705,DG1022121,137
4719,DG1013223,7
4720,DG1013222,10
4721,DG1000621,3
4722,DG1000621,45
4723,DG1000621,51
4724,DG1000621,56
4725,DG1002539,19
4727,DG1002539,22
4728,DG1002539,22
4731,DG1002531,92
4731,DG1011923,5
4732,DG1002531,80
4732,DG1011923,45
4732,DG1011924,45
4733,DG1011922,26
4733,DG1011923,6
4733,DG1011930,5
4733,DG1011931,182
4734,DG1011930,38
4734,DG1011931,28
4735,DG1011930,38
4735,DG1011931,48
4736,DG1011930,4
4739,DG1000422,13
4740,DG1000422,74
4741,DG1000422,156
4751,DG1000423,39
4752,DG1000423,105
4753,DG1000423,136
4753,DG1010901,44
4754,DG1010901,78
4758,DG1002021,10
4759,DG1002021,30
4760,DG1002021,1
4767,DG1000820,8
4769,DG1000820,3
4769,DG1000821,19
4770,DG1000821,4
4772,DG1000825,2
4773,DG1000825,3
4774,DG1000823,3
4802,DG1013322,1
4803,DG1013322,5
4817,DG1022120,12
4818,DG1022120,10
4819,DG1022120,4
4821,DG1022121,105
4822,DG1022121,61
4823,DG1022121,126
4835,DG1022322,1
4836,DG1013223,52
4836,DG1022322,40
4837,DG1013222,32
4837,DG1013223,71
4838,DG1000621,13
4838,DG1013222,1
4839,DG1000621,313
4840,DG1000621,25
4841,DG1000621,34
4844,DG1002539,3
4845,DG1002539,106
4848,DG1002531,110
4849,DG1002531,203
4849,DG1011923,1
4849,DG1011924,28
4849,DG1011928,4
4849,DG1011931,6
4850,DG1011921,24
4850,DG1011922,169
4850,DG1011925,21
4850,DG1011930,1
4850,DG1011931,70
4851,DG1011922,405
4851,DG1011931,198
4852,DG1011931,214
4856,DG1000422,1
4857,DG1000422,15
4858,DG1000422,307
4862,DG1000422,16
4863,DG1000422,1
4870,DG1000423,8
4870,DG1010901,96
4871,DG1010901,103
4872,DG1010901,17
4875,DG1002021,13
4875,DG1010903,5
4876,DG1002021,84
4877,DG1002021,13
4881,DG1000820,8
4882,DG1000820,20
4883,DG1000820,25
4884,DG1000820,26
4885,DG1000820,10
4887,DG1000823,13
4888,DG1000823,4
4889,DG1000823,3
4890,DG1000823,8
4891,DG1000823,17
4933,DG1022120,2
4934,DG1022120,14
4935,DG1022120,219
4938,DG1022121,76
4940,DG1022121,104
4941,DG1022121,78
4942,DG1022121,3
4945,DG1022321,5
4953,DG1022322,3
4954,DG1013223,2
4955,DG1013222,1
4955,DG1013223,3
4956,DG1000621,19
4956,DG1013221,63
4956,DG1013222,15
4957,DG1000621,2
4962,DG1002539,20
4963,DG1002539,118
4964,DG1002539,11
4965,DG1002531,6
4966,DG1002531,5
4966,DG1011920,5
4966,DG1011921,4
4966,DG1011927,263
4966,DG1011928,19
4967,DG1011920,227
4967,DG1011921,196
4967,DG1011922,4
4967,DG1011925,195
4967,DG1011927,41
4968,DG1011921,4
4968,DG1011922,410
4968,DG1011925,21
4968,DG1011931,3
4969,DG1011922,108
4969,DG1011931,12
4970,DG1011922,8
4973,DG1000422,1
4974,DG1000422,251
4975,DG1000422,57
4978,DG1000422,36
4979,DG1000422,21
4987,DG1010901,3
4988,DG1010901,154
4989,DG1010901,170
4990,DG1010901,20
4991,DG1010901,7
4991,DG1010903,4
4992,DG1002021,70
4992,DG1010903,96
4993,DG1002021,445
4994,DG1002021,50
4995,DG1002021,18
4996,DG1002021,15
4997,DG1000820,12
4997,DG1002023,1
4998,DG1000820,30
4999,DG1000820,13
5000,DG1000820,299
5001,DG1000820,4
5004,DG1000823,48
5005,DG1000823,25
5006,DG1000823,10
5007,DG1000823,30
5008,DG1000823,18
5052,DG1022120,244
5053,DG1022120,3
5054,DG1022121,9
5055,DG1022121,52
5056,DG1022121,8
5059,DG1022121,3
5060,DG1022121,26
5067,DG1022321,1
5068,DG1022322,2
5069,DG1022322,5
5070,DG1022322,184
5071,DG1013220,30
5072,DG1013222,5
5073,DG1013220,9
5073,DG1013221,162
5073,DG1013222,11
5074,DG1013221,3
5077,DG1013221,4
5078,DG1013221,5
5079,DG1002539,2
5079,DG1013221,11
5080,DG1002539,140
5081,DG1002539,33
5082,DG1002531,12
5082,DG1002539,188
5083,DG1002527,14
5083,DG1002531,16
5083,DG1011920,49
5083,DG1011927,341
5083,DG1011928,80
5084,DG1002529,73
5084,DG1002534,220
5084,DG1002535,128
5084,DG1011920,152
5084,DG1011921,450
5084,DG1011925,9
5084,DG1011927,166
5085,DG1002529,223
5085,DG1002535,15
5085,DG1011921,17
5085,DG1011922,15
5086,DG1002537,39
5086,DG1011922,357
5087,DG1002537,2
5087,DG1011922,6
5089,DG1002537,4
5090,DG1002521,5
5091,DG1000422,2
5096,DG1000422,19
5104,DG1010901,6
5105,DG1010901,125
5106,DG1010901,261
5107,DG1010901,21
5108,DG1010901,22
5108,DG1010903,4
5109,DG1002021,30
5109,DG1010902,239
5109,DG1010903,198
5110,DG1002021,224
5110,DG1002026,55
5110,DG1010902,356
5111,DG1002021,1
5111,DG1002026,53
5112,DG1002021,104
5112,DG1002024,109
5112,DG1002026,34
5113,DG1002021,4
5113,DG1002023,1
5113,DG1002024,80
5114,DG1002022,49
5114,DG1002023,40
5114,DG1002024,10
5115,DG1000820,183
5115,DG1002022,74
5115,DG1002023,26
5116,DG1000820,2
5116,DG1002022,21
5118,DG1000820,6
5120,DG1000823,1
5121,DG1000823,24
5122,DG1000823,58
5123,DG1000823,18
5124,DG1000823,13
5125,DG1000823,39
5126,DG1000823,16
5127,DG1099205,6
5128,DG1099205,3
5129,DG1099205,2
5169,DG1022120,243
5170,DG1022120,37
5171,DG1022121,13
5172,DG1022121,4
5173,DG1022121,19
5185,DG1022322,4
5188,DG1013220,31
5189,DG1013220,3
5190,DG1013220,58
5190,DG1013221,4
5191,DG1013221,54
5194,DG1013221,2
5195,DG1013221,103
5196,DG1013221,458
5197,DG1002539,6
5198,DG1002528,5
5198,DG1002539,16
5199,DG1002528,25
5199,DG1002539,83
5200,DG1002525,241
5200,DG1002531,48
5200,DG1002533,24
5200,DG1002539,91
5200,DG1011920,147
5200,DG1011926,25
5200,DG1011927,55
5200,DG1011928,53
5201,DG1002525,43
5201,DG1002529,19
5201,DG1002533,233
5201,DG1002534,455
5201,DG1002535,288
5201,DG1011920,60
5201,DG1011926,190
5202,DG1002529,204
5202,DG1002535,106
5202,DG1002537,93
5203,DG1002537,377
5203,DG1011922,34
5204,DG1002537,121
5204,DG1011922,89
5205,DG1002537,131
5206,DG1002537,14
5207,DG1002521,123
5208,DG1002521,1
5212,DG1000422,41
5213,DG1000422,16
5214,DG1000422,41
5215,DG1000422,26
5216,DG1000422,16
5217,DG1000422,7
5220,DG1010901,4
5221,DG1010901,17
5222,DG1010901,25
5223,DG1010901,54
5224,DG1002020,22
5224,DG1010901,87
5225,DG1002020,58
5225,DG1010901,24
5226,DG1002020,8
5226,DG1010902,11
5226,DG1010903,8
5227,DG1002020,30
5227,DG1010902,75
5228,DG1002020,49
5228,DG1002026,1
5228,DG1010902,71
5229,DG1002020,27
5229,DG1002021,8
5230,DG1002022,190
5230,DG1002023,4
5230,DG1002025,162
5231,DG1002022,294
5232,DG1002022,227
5233,DG1002022,3
5238,DG1000823,29
5239,DG1000823,204
5240,DG1000823,420
5241,DG1000823,4
5244,DG1099205,4
5245,DG1099205,43
5246,DG1099205,3
5286,DG1022120,24
5287,DG1022120,182
5288,DG1022121,9
5289,DG1022121,4
5302,DG1022322,28
5303,DG1022322,17
5305,DG1013220,3
5307,DG1013220,87
5307,DG1013221,19
5308,DG1013220,1
5308,DG1013221,307
5309,DG1013221,4
5310,DG1013221,6
5311,DG1013221,106
5312,DG1002528,6
5312,DG1013221,163
5313,DG1002528,11
5313,DG1013221,107
5314,DG1002528,8
5315,DG1002528,4
5316,DG1002528,202
5317,DG1002520,57
5317,DG1002522,62
5317,DG1002525,180
5317,DG1002528,16
5317,DG1002529,146
5317,DG1002531,65
5317,DG1002533,9
5317,DG1002536,10
5317,DG1002538,3
5317,DG1011928,14
5318,DG1002529,206
5318,DG1002533,19
5318,DG1002534,99
5318,DG1002535,140
5318,DG1002536,9
5318,DG1002537,185
5318,DG1026028,27
5319,DG1002521,179
5319,DG1002529,22
5319,DG1002537,492
5320,DG1002521,113
5320,DG1002537,41
5320,DG1011922,7
5321,DG1002521,3
5321,DG1011922,38
5323,DG1002521,28
5324,DG1002521,96
5325,DG1000422,1
5326,DG1000422,1
5327,DG1000422,56
5328,DG1000422,197
5329,DG1000422,101
5330,DG1000422,55
5331,DG1000422,43
5332,DG1000422,25
5333,DG1000422,5
5334,DG1000422,12
5337,DG1010901,8
5338,DG1010901,10
5339,DG1010901,2
5340,DG1010901,14
5341,DG1002020,7
5341,DG1010901,23
5342,DG1002020,104
5342,DG1010901,8
5343,DG1002020,221
5344,DG1002020,77
5345,DG1002020,685
5346,DG1002020,210
5347,DG1002020,43
5347,DG1002022,132
5347,DG1002025,2
5348,DG1002022,267
5349,DG1002022,226
5350,DG1002022,15
5352,DG1002022,2
5353,DG1000823,1
5353,DG1002022,1
5354,DG1000823,20
5355,DG1000823,467
5356,DG1000823,127
5357,DG1000823,404
5358,DG1000823,12
5359,DG1000823,6
5360,DG1000823,6
5360,DG1099205,4
5361,DG1099205,6
5403,DG1022120,3
5404,DG1022120,106
5405,DG1011521,27
5405,DG1022120,20
5406,DG1022121,3
5420,DG1022321,3
5424,DG1013220,14
5425,DG1013220,72
5426,DG1013220,15
5427,DG1013221,1
5428,DG1013220,6
5429,DG1013220,5
5430,DG1002528,357
5431,DG1002528,56
5432,DG1002528,4
5433,DG1002520,159
5433,DG1002522,25
5433,DG1002528,23
5434,DG1002520,20
5434,DG1002522,71
5434,DG1002532,116
5434,DG1002536,236
5435,DG1002536,52
5435,DG1002537,13
5435,DG1026028,545
5436,DG1002521,31
5436,DG1026028,32
5437,DG1002521,228
5438,DG1002521,51
5439,DG1002521,359
5440,DG1002521,67
5440,DG1026021,73
5441,DG1002521,122
5442,DG1000422,131
5442,DG1002521,185
5443,DG1000422,18
5445,DG1000422,35
5446,DG1000422,98
5447,DG1000422,55
5448,DG1000422,37
5449,DG1000422,6
5450,DG1000422,1
5455,DG1010901,2
5456,DG1010901,13
5457,DG1010901,6
5458,DG1002020,2
5458,DG1010901,1
5459,DG1002020,12
5460,DG1002020,108
5461,DG1002020,5
5462,DG1002020,53
5463,DG1002020,72
5464,DG1002020,3
5464,DG1002022,73
5465,DG1002022,196
5466,DG1002022,123
5467,DG1002022,74
5468,DG1002022,355
5469,DG1002022,44
5470,DG1002022,40
5471,DG1000823,1
5471,DG1002022,2
5472,DG1000823,7
5473,DG1000823,19
5474,DG1000823,49
5475,DG1000823,35
5476,DG1000823,20
5477,DG1000823,16
5521,DG1011521,16
5521,DG1022120,58
5522,DG1011521,223
5522,DG1022120,134
5523,DG1011521,1
5537,DG1022320,5
5537,DG1022321,29
5543,DG1013220,77
5544,DG1013220,71
5545,DG1013220,203
5546,DG1002528,11
5546,DG1013220,108
5547,DG1002528,10
5548,DG1002528,3
5549,DG1002520,5
5549,DG1002528,2
5550,DG1002520,121
5550,DG1002522,144
5550,DG1002528,1
5550,DG1002532,104
5551,DG1002532,98
5551,DG1002536,42
5551,DG1026020,68
5551,DG1026028,188
5552,DG1026028,133
5553,DG1026028,4
5554,DG1002521,1
5555,DG1002521,1
5555,DG1026021,16
5556,DG1002521,113
5556,DG1026021,67
5557,DG1026021,177
5558,DG1002521,10
5558,DG1026021,29
5559,DG1002521,2
5560,DG1000422,107
5562,DG1000422,26
5563,DG1000422,21
5565,DG1000422,48
5566,DG1000422,35
5567,DG1000422,3
5575,DG1002020,17
5576,DG1002020,12
5577,DG1002020,5
5579,DG1002020,21
5580,DG1002020,7
5581,DG1002020,1
5582,DG1002022,2
5583,DG1002022,3
5584,DG1002022,9
5585,DG1002022,11
5586,DG1002022,2
5587,DG1002022,37
5588,DG1000823,40
5589,DG1000823,2
5590,DG1000823,1
5591,DG1000823,20
5638,DG1011521,3
5639,DG1011521,85
5640,DG1011521,74
5654,DG1022320,10
5654,DG1022323,2
5655,DG1022320,1
5661,DG1013220,42
5662,DG1013220,191
5663,DG1013220,25
5666,DG1026022,45
5666,DG1026029,6
5667,DG1002520,38
5667,DG1002522,18
5667,DG1002532,121
5667,DG1026020,55
5667,DG1026027,148
5667,DG1026029,29
5668,DG1026020,311
5668,DG1026028,139
5669,DG1026028,11
5670,DG1026026,107
5672,DG1026021,13
5673,DG1026021,184
5674,DG1026021,72
5675,DG1002521,143
5676,DG1002521,1
5677,DG1000422,155
5678,DG1000422,6
5679,DG1000422,4
5683,DG1000422,63
5684,DG1000422,18
5685,DG1000422,3
5696,DG1002020,33
5697,DG1002020,34
5698,DG1002020,9
5705,DG1000823,13
5706,DG1000823,26
5707,DG1000823,3
5709,DG1000823,1
5756,DG1011521,8
5757,DG1011521,405
5758,DG1011521,47
5779,DG1013220,15
5780,DG1013220,3
5783,DG1026022,10
5783,DG1026023,11
5783,DG1026027,1
5783,DG1026029,52
5784,DG1026020,73
5784,DG1026022,11
5784,DG1026026,13
5784,DG1026027,44
5784,DG1026029,34
5785,DG1026020,9
5785,DG1026026,83
5786,DG1026026,11
5787,DG1026026,41
5788,DG1026026,1
5789,DG1026021,115
5790,DG1026021,24
5791,DG1002521,5
5791,DG1026021,1
5792,DG1002521,232
5793,DG1002521,9
5794,DG1000422,14
5795,DG1000422,114
5796,DG1000422,44
5800,DG1000422,7
5801,DG1000422,109
5802,DG1000422,9
5803,DG1000422,3
5814,DG1002020,20
5815,DG1002020,5
5823,DG1000823,12
5824,DG1000823,16
5825,DG1000823,16
5826,DG1000823,3
5827,DG1000823,2
5874,DG1011521,315
5875,DG1011521,30
5897,DG1013220,2
5898,DG1013220,3
5900,DG1026022,3
5900,DG1026023,96
5901,DG1026020,70
5901,DG1026022,45
5901,DG1026023,79
5901,DG1026026,1
5902,DG1026020,4
5902,DG1026026,434
5903,DG1026026,147
5904,DG1026026,17
5906,DG1026021,3
5907,DG1026021,9
5909,DG1002521,182
5909,DG1026021,4
5910,DG1002521,77
5911,DG1000422,51
5911,DG1002521,9
5912,DG1000422,121
5912,DG1002521,181
5913,DG1000422,49
5913,DG1002521,4
5918,DG1000422,40
5919,DG1000422,29
5920,DG1000422,2
5921,DG1000422,5
5931,DG1002020,17
5940,DG1000823,5
5941,DG1000823,19
5942,DG1000823,2
5944,DG1012821,6
5946,DG1012821,4
5947,DG1012821,4
5953,DG1099204,12
5991,DG1011521,24
5992,DG1011521,98
5993,DG1011521,1
6013,DG1011620,19
6016,DG1011620,5
6016,DG1026025,29
6017,DG1026024,47
6017,DG1026025,49
6018,DG1026020,16
6018,DG1026023,24
6018,DG1026024,51
6018,DG1026030,85
6018,DG1026099,2
6019,DG1026020,6
6019,DG1026026,60
6019,DG1026030,87
6020,DG1026026,423
6021,DG1026026,14
6024,DG1026021,10
6025,DG1026021,1
6026,DG1002521,5
6026,DG1026021,109
6027,DG1002521,5
6027,DG1026021,34
6028,DG1002521,278
6028,DG1026021,2
6029,DG1002521,743
6029,DG1011626,23
6030,DG1000422,62
6030,DG1002521,7
6030,DG1011626,20
6036,DG1000422,15
6037,DG1000422,2
6047,DG1002020,30
6048,DG1002020,3
6057,DG1000823,8
6060,DG1012821,6
6061,DG1012821,17
6062,DG1012821,2
6063,DG1012821,5
6108,DG1011521,15
6109,DG1011520,105
6109,DG1011521,135
6110,DG1011520,12
6110,DG1011521,6
6125,DG1022320,1
6130,DG1011620,24
6133,DG1011620,16
6134,DG1011620,4
6134,DG1026025,119
6135,DG1026025,52
6135,DG1026030,495
6136,DG1026026,8
6136,DG1026030,454
6137,DG1026021,24
6137,DG1026026,19
6138,DG1026026,16
6141,DG1026021,49
6142,DG1026021,350
6144,DG1026021,91
6146,DG1002521,4
6146,DG1011626,208
6147,DG1011626,72
6151,DG1056620,1
6152,DG1056620,5
6163,DG1002020,21
6164,DG1002020,27
6166,DG1002020,14
6173,DG1000823,3
6174,DG1000823,1
6180,DG1012821,8
6181,DG1012821,4
6186,DG1012822,2
6225,DG1011520,211
6225,DG1011523,8
6226,DG1011520,489
6227,DG1011520,3
6227,DG1011524,1
6228,DG1011520,1
6242,DG1022320,2
6243,DG1022320,2
6247,DG1011620,1
6249,DG1011620,8
6250,DG1011620,1
6251,DG1011620,251
6251,DG1026025,129
6252,DG1011620,34
6252,DG1011627,149
6252,DG1026025,11
6252,DG1026030,107
6253,DG1011627,13
6253,DG1026030,11
6254,DG1011627,50
6254,DG1026021,2
6255,DG1011627,12
6255,DG1026021,8
6256,DG1011627,4
6256,DG1026021,2
6257,DG1026021,11
6258,DG1026021,103
6259,DG1026021,124
6260,DG1026021,23
6261,DG1011626,56
6261,DG1026021,102
6264,DG1011626,137
6265,DG1011626,85
6268,DG1056620,21
6279,DG1002020,11
6280,DG1002020,15
6283,DG1002020,34
6284,DG1002020,6
6298,DG1012821,2
6299,DG1012821,76
6300,DG1012821,3
6302,DG1012822,1
6303,DG1012822,2
6303,DG1012823,4
6338,DG1011523,1
6339,DG1011523,1
6340,DG1011523,1
6341,DG1011523,11
6342,DG1011520,26
6342,DG1011523,356
6342,DG1011524,23
6343,DG1011520,61
6343,DG1011523,57
6343,DG1011524,47
6344,DG1011524,20
6346,DG1011524,20
6347,DG1011524,1
6365,DG1011620,2
6366,DG1011620,40
6367,DG1011620,13
6368,DG1011620,41
6369,DG1011620,54
6369,DG1011627,42
6370,DG1011627,40
6371,DG1011627,29
6372,DG1011627,222
6373,DG1011627,294
6374,DG1011627,102
6375,DG1011627,203
6376,DG1011627,27
6378,DG1011626,16
6379,DG1011626,113
6382,DG1011626,25
6383,DG1011626,158
6384,DG1056620,80
6385,DG1056620,103
6386,DG1056620,1
6401,DG1002020,36
6402,DG1002020,1
6415,DG1012821,4
6416,DG1012821,65
6417,DG1012821,27
6418,DG1012821,83
6419,DG1012822,67
6420,DG1012822,16
6457,DG1011523,1
6458,DG1011523,12
6459,DG1011523,23
6460,DG1011523,7
6460,DG1011524,10
6461,DG1011524,8
6462,DG1011524,3
6482,DG1011620,2
6483,DG1011620,135
6484,DG1011620,6
6485,DG1011620,35
6486,DG1011620,283
6486,DG1011627,7
6487,DG1011627,105
6488,DG1011627,29
6489,DG1011627,20
6490,DG1011627,155
6492,DG1011627,1
6493,DG1011627,1
6494,DG1011626,1
6494,DG1011627,29
6495,DG1011626,14
6495,DG1011627,8
6496,DG1011626,11
6497,DG1011626,46
6501,DG1056620,261
6502,DG1056620,18
6533,DG1012821,46
6534,DG1012821,92
6534,DG1012822,116
6535,DG1012821,12
6535,DG1012822,201
6536,DG1012822,79
6577,DG1011523,21
6578,DG1011522,18
6578,DG1011523,14
6596,DG1011622,15
6596,DG1022320,4
6597,DG1022320,82
6598,DG1011620,2
6599,DG1011620,21
6600,DG1011620,477
6601,DG1011620,17
6602,DG1011620,13
6603,DG1011620,49
6604,DG1011627,74
6605,DG1011627,22
6608,DG1011627,24
6611,DG1011626,7
6612,DG1011626,670
6613,DG1011626,24
6614,DG1011626,81
6615,DG1011626,1
6616,DG1011626,1
6617,DG1011626,21
6618,DG1056620,23
6619,DG1056620,8
6620,DG1056620,4
6649,DG1012822,14
6650,DG1012822,16
6651,DG1012822,10
6652,DG1012822,96
6653,DG1012822,176
6654,DG1012822,36
6694,DG1011523,17
6695,DG1011522,109
6696,DG1011522,82
6696,DG1011523,1
6697,DG1011522,7
6713,DG1011622,28
6713,DG1022320,1
6714,DG1011622,1
6714,DG1022320,79
6715,DG1011622,82
6717,DG1011620,35
6718,DG1011620,13
6720,DG1011620,7
6721,DG1011627,2
6722,DG1011627,9
6724,DG1011626,3
6726,DG1011626,10
6727,DG1011626,16
6729,DG1011626,6
6730,DG1011626,271
6731,DG1011626,104
6732,DG1011626,243
6737,DG1056620,143
6766,DG1012822,4
6771,DG1012822,28
6772,DG1012822,14
6810,DG1011523,1
6813,DG1011522,1
6813,DG1011523,11
6814,DG1011522,4
6814,DG1011523,12
6815,DG1011523,23
6831,DG1011622,5
6832,DG1011622,4
6838,DG1011620,4
6840,DG1011624,46
6840,DG1011626,11
6841,DG1011626,149
6842,DG1011626,37
6843,DG1011626,13
6844,DG1011626,2
6845,DG1011626,25
6847,DG1011626,2
6848,DG1011626,53
6849,DG1011626,177
6854,DG1056620,11
6882,DG1012822,9
6883,DG1012822,1
6889,DG1012822,1
6927,DG1011523,1
6931,DG1011523,3
6932,DG1011523,40
6948,DG1011622,6
6949,DG1011622,38
6955,DG1011625,4
6955,DG1011629,3
6956,DG1011624,4
6957,DG1011624,33
6959,DG1011626,2
6961,DG1011626,5
6962,DG1011626,11
6963,DG1011626,3
6964,DG1011626,24
6965,DG1011626,4
6966,DG1011626,3
6966,DG1056620,1
6967,DG1056620,4
6968,DG1056620,13
6970,DG1056620,27
6971,DG1056620,33
6997,DG1012822,10
6998,DG1012822,185
6999,DG1012822,27
7018,DG1099207,7
7049,DG1011522,43
7049,DG1011523,100
7066,DG1011622,276
7067,DG1011622,51
7073,DG1011624,1
7074,DG1011624,5
7075,DG1011624,1
7080,DG1011626,14
7081,DG1011626,9
7082,DG1056620,2
7083,DG1056620,128
7084,DG1056620,8
7085,DG1056620,51
7087,DG1056620,27
7088,DG1056620,34
7114,DG1012822,8
7115,DG1012822,95
7135,DG1099206,1
7135,DG1099207,48
7136,DG1099207,39
7137,DG1099207,1
7165,DG1011524,2
7166,DG1001321,36
7166,DG1011522,52
7166,DG1011523,128
7166,DG1011524,56
7167,DG1001321,12
7167,DG1011522,6
7167,DG1011523,6
7181,DG1011622,1
7182,DG1011622,22
7183,DG1011621,27
7183,DG1011622,41
7184,DG1011621,62
7184,DG1011622,28
7187,DG1011622,2
7190,DG1011623,1
7191,DG1011624,26
7192,DG1011624,2
7193,DG1011624,2
7200,DG1056620,10
7201,DG1056620,24
7202,DG1056620,246
7203,DG1056620,13
7204,DG1056620,198
7205,DG1056620,120
7228,DG1012822,9
7229,DG1012822,3
7230,DG1012822,2
7251,DG1099206,79
7252,DG1099206,23
7264,DG1099502,3
7282,DG1011524,7
7283,DG1001321,32
7283,DG1011524,57
7284,DG1001321,12
7284,DG1001324,4
7298,DG1011622,6
7299,DG1011622,197
7300,DG1011622,2
7301,DG1011621,4
7301,DG1011622,18
7302,DG1011621,3
7304,DG1011622,1
7310,DG1011623,3
7310,DG1011624,1
7319,DG1056620,4
7320,DG1056620,112
7321,DG1056620,24
7324,DG1056620,43
7325,DG1056620,1
7345,DG1012822,5
7368,DG1099206,2
7398,DG1011524,1
7399,DG1011524,5
7401,DG1001321,46
7401,DG1001324,16
7402,DG1001324,8
7415,DG1011622,32
7416,DG1011622,55
7417,DG1011621,1
7418,DG1011621,30
7418,DG1011622,33
7419,DG1011622,19
7425,DG1011623,1
7426,DG1011623,1
7427,DG1011623,1
7438,DG1056620,5
7439,DG1056620,108
7440,DG1056620,5
7441,DG1056620,117
7498,DG1012723,18
7499,DG1012723,84
7500,DG1012723,6
7501,DG1012723,4
7532,DG1011622,70
7533,DG1011622,54
7534,DG1011622,73
7535,DG1011621,4
7535,DG1011622,12
7536,DG1011622,44
7537,DG1011622,1
7543,DG1011623,149
7544,DG1011623,380
7545,DG1011623,29
7545,DG1099103,1
7546,DG1099103,1
7556,DG1056620,16
7557,DG1056620,87
7558,DG1056620,3
7569,DG1056621,4
7616,DG1012723,7
7617,DG1012723,2
7618,DG1012723,6
7621,DG1012723,1
7636,DG1001324,1
7649,DG1011622,2
7650,DG1011622,175
7651,DG1011622,93
7652,DG1011621,16
7652,DG1011622,2
7653,DG1011622,13
7654,DG1011622,87
7660,DG1011623,12
7661,DG1011623,4
7663,DG1099103,2
7673,DG1056620,8
7674,DG1056620,49
7675,DG1056620,97
7676,DG1056620,11
7685,DG1056621,1
7686,DG1056621,42
7737,DG1012723,12
7738,DG1012723,52
7739,DG1012723,3
7766,DG1011622,1
7767,DG1011622,140
7768,DG1002125,88
7768,DG1011622,11
7769,DG1002125,32
7769,DG1011621,8
7770,DG1011621,7
7771,DG1011622,158
7772,DG1011622,5
7790,DG1056620,57
7791,DG1056620,222
7792,DG1056620,14
7795,DG1056620,1
7802,DG1056621,1
7811,DG1012221,3
7849,DG1012723,2
7855,DG1012723,2
7856,DG1012723,27
7884,DG1002125,2
7884,DG1011622,5
7885,DG1002125,257
7885,DG1011622,38
7886,DG1002125,27
7886,DG1011621,1
7887,DG1011622,22
7888,DG1011622,86
7889,DG1011622,7
7908,DG1056620,40
7909,DG1056620,5
7928,DG1012221,2
7973,DG1012723,1
7974,DG1012723,317
7975,DG1012723,70
7979,DG1012720,7
7979,DG1012724,2
7980,DG1012720,7
7987,DG1001324,7
7988,DG1001324,6
8001,DG1002125,236
8002,DG1002125,9
8003,DG1011621,2
8004,DG1011621,11
8005,DG1011621,75
8006,DG1011621,92
8031,DG1056620,3
8037,DG1056623,8
8038,DG1056623,51
8039,DG1056623,29
8040,DG1056623,8
8041,DG1012221,6
8041,DG1056623,3
8042,DG1012221,10
8092,DG1012723,297
8093,DG1012723,21
8095,DG1012724,55
8096,DG1012724,7
8097,DG1012720,39
8101,DG1001322,19
8101,DG1012720,19
8103,DG1001322,1
8104,DG1001324,2
8105,DG1001324,110
8117,DG1002125,6
8118,DG1002125,223
8119,DG1002125,5
8120,DG1002126,9
8121,DG1002122,5
8121,DG1002126,53
8121,DG1011621,93
8122,DG1011621,33
8123,DG1011621,16
8124,DG1011621,5
8140,DG1056620,1
8141,DG1056620,1
8145,DG1056626,1
8147,DG1056626,5
8148,DG1056626,28
8149,DG1056626,466
8150,DG1056626,68
8152,DG1056621,1
8153,DG1056624,34
8154,DG1056623,1
8154,DG1056624,82
8155,DG1056623,15
8155,DG1056624,676
8156,DG1056623,33
8156,DG1056624,7
8157,DG1012221,299
8157,DG1056623,1
8157,DG1056624,55
8158,DG1012221,126
8159,DG1012221,469
8160,DG1012221,89
8212,DG1012724,278
8213,DG1012720,23
8213,DG1012724,151
8214,DG1012720,260
8215,DG1012720,10
8216,DG1012720,3
8217,DG1012720,15
8222,DG1001324,39
8234,DG1002125,129
8235,DG1002125,22
8236,DG1002125,2
8236,DG1002126,1
8237,DG1002126,53
8238,DG1000011,6
8238,DG1002122,48
8238,DG1011621,194
8239,DG1011621,56
8241,DG1011621,37
8242,DG1011621,73
8262,DG1056626,18
8263,DG1056626,29
8264,DG1056626,22
8265,DG1056626,21
8266,DG1056626,47
8267,DG1056626,281
8268,DG1056626,30
8270,DG1056624,9
8270,DG1056625,2
8270,DG1056696,2
8271,DG1056624,89
8272,DG1056624,119
8272,DG1056625,1
8276,DG1012221,22
8277,DG1012221,14
8328,DG1012721,33
8331,DG1012720,68
8332,DG1012720,121
8333,DG1012720,6
8334,DG1001322,300
8334,DG1012720,80
8335,DG1001322,68
8336,DG1001322,135
8337,DG1001322,137
8338,DG1001322,84
8339,DG1001322,140
8339,DG1001324,4
8340,DG1001324,3
8351,DG1002125,52
8353,DG1002126,187
8354,DG1002122,4
8355,DG1002122,47
8355,DG1011621,1
8356,DG1011621,4
8357,DG1011621,2
8358,DG1011621,9
8359,DG1011621,92
8361,DG1011621,3
8382,DG1056626,1
8383,DG1056626,7
8384,DG1056626,134
8385,DG1056626,468
8386,DG1056626,1
8388,DG1056624,16
8388,DG1056625,43
8389,DG1056625,9
8395,DG1012221,2
8444,DG1012721,5
8444,DG1012722,80
8445,DG1012721,158
8449,DG1012720,3
8450,DG1012720,79
8451,DG1001322,6
8452,DG1001322,1
8454,DG1001322,36
8455,DG1001322,136
8456,DG1001322,188
8456,DG1001324,26
8457,DG1001322,167
8457,DG1001324,170
8458,DG1001324,1
8469,DG1002126,4
8470,DG1002126,14
8471,DG1002122,129
8472,DG1002122,188
8472,DG1002128,1
8472,DG1011621,61
8473,DG1002128,1
8473,DG1011621,30
8474,DG1011621,325
8477,DG1011621,6
8500,DG1056626,1
8502,DG1056626,1
8503,DG1056626,4
8505,DG1056625,44
8512,DG1012223,3
8553,DG1012721,1
8554,DG1012721,9
8560,DG1012722,2
8561,DG1012721,5
8561,DG1012722,15
8562,DG1012721,6
8566,DG1012720,1
8576,DG1001320,3
8586,DG1002125,2
8586,DG1002126,81
8587,DG1002126,303
8588,DG1002122,31
8588,DG1002126,2
8589,DG1002122,6
8589,DG1002128,1
8590,DG1002128,1
8591,DG1011621,4
8592,DG1011621,1
8594,DG1011621,1
8621,DG1056625,2
8621,DG1056626,1
8622,DG1056625,31
8677,DG1012721,178
8677,DG1012722,89
8678,DG1012721,16
8692,DG1001320,3
8693,DG1001320,264
8693,DG1001323,26
8702,DG1002124,6
8703,DG1002125,1
8704,DG1002125,1
8704,DG1002126,256
8705,DG1002122,57
8705,DG1002128,1
8706,DG1002122,5
8706,DG1002128,1
8707,DG1002128,5
8708,DG1002128,6
8709,DG1002128,336
8710,DG1002128,97
8741,DG1056625,1
8791,DG1012721,57
8792,DG1012721,43
8793,DG1012721,3
8793,DG1012722,61
8794,DG1012721,108
8794,DG1012722,93
8810,DG1001320,2
8821,DG1002124,16
8821,DG1002125,1
8821,DG1002126,9
8822,DG1002124,2
8822,DG1002128,18
8823,DG1002128,21
8824,DG1002128,456
8825,DG1002128,31
8826,DG1002128,75
8828,DG1002128,2
8858,DG1056625,1
8859,DG1012220,15
8860,DG1012220,11
8862,DG1012220,2
8864,DG1001120,14
8871,DG1001124,4
8908,DG1012721,1
8909,DG1012721,190
8910,DG1012721,10
8911,DG1012721,1
8926,DG1001323,4
8929,DG1001320,2
8939,DG1002128,1
8940,DG1002128,1
8941,DG1002128,44
8942,DG1002128,33
8972,DG1056626,25
8977,DG1012220,2
8982,DG1001120,21
8983,DG1001120,60
8988,DG1001124,1
9025,DG1012721,1
9026,DG1012721,4
9027,DG1012721,5
9028,DG1012721,5
9041,DG1001323,12
9042,DG1001323,105
9043,DG1001323,100
9044,DG1001323,4
9056,DG1002128,11
9057,DG1002128,164
9058,DG1002121,1
9058,DG1002128,7
9059,DG1002128,48
9060,DG1002128,2
9089,DG1056626,8
9099,DG1001120,10
9100,DG1001120,4
9101,DG1001120,1
9104,DG1001124,2
9142,DG1012721,2
9144,DG1012721,3
9158,DG1001323,33
9160,DG1001323,3
9161,DG1001323,9
9165,DG1001320,1
9166,DG1001320,1
9173,DG1002128,47
9174,DG1002128,169
9175,DG1002121,99
9175,DG1002128,3
9176,DG1002121,114
9177,DG1002121,46
9217,DG1001120,8
9218,DG1001120,24
9218,DG1001121,13
9218,DG1001196,1
9221,DG1001124,4
9222,DG1001124,9
9274,DG1001323,39
9275,DG1001323,8
9288,DG1002120,1
9289,DG1002120,1
9290,DG1002120,71
9292,DG1002121,20
9292,DG1002128,3
9293,DG1002121,51
9294,DG1002121,4
9295,DG1002121,3
9296,DG1002121,53
9335,DG1001121,23
9335,DG1001125,111
9336,DG1001121,463
9336,DG1001124,54
9336,DG1001125,148
9336,DG1001126,41
9337,DG1001121,69
9337,DG1001124,1
9337,DG1001126,1
9338,DG1001124,1
9341,DG1001124,9
9342,DG1001124,2
9343,DG1001124,10
9390,DG1001323,168
9391,DG1001323,128
9402,DG1001320,133
9403,DG1001320,49
9404,DG1001320,104
9405,DG1002120,95
9406,DG1002120,100
9407,DG1002120,428
9408,DG1002120,5
9410,DG1002120,1
9411,DG1002120,243
9411,DG1002121,40
9412,DG1002120,48
9412,DG1002121,5
9413,DG1002121,162
9414,DG1002121,36
9418,DG1002121,4
9452,DG1001121,1
9453,DG1001121,131
9453,DG1001125,94
9453,DG1001126,9
9454,DG1001121,19
9454,DG1001126,3
9460,DG1001124,5
9461,DG1001124,2
9462,DG1001124,21
9463,DG1001124,32
9464,DG1001124,4
9465,DG1001124,1
9466,DG1001124,1
9496,DG1012721,2
9503,DG1001323,12
9504,DG1001323,118
9505,DG1001323,164
9506,DG1001323,164
9507,DG1001323,118
9508,DG1001323,4
9516,DG1001320,3
9519,DG1001320,2
9520,DG1001320,61
9521,DG1001320,90
9523,DG1002120,4
9524,DG1002120,19
9525,DG1002120,3
9526,DG1002120,188
9527,DG1002120,1
9529,DG1002120,59
9530,DG1002120,1
9530,DG1002121,174
9531,DG1002121,5
9535,DG1002121,10
9568,DG1001127,1
9570,DG1001125,102
9571,DG1001125,93
9583,DG1001124,1
9612,DG1012721,1
9613,DG1012721,2
9619,DG1001323,9
9622,DG1001323,4
9623,DG1001323,22
9632,DG1001320,2
9633,DG1001320,38
9634,DG1001320,91
9635,DG1001320,17
9636,DG1001320,1
9637,DG1001320,106
9641,DG1002120,3
9642,DG1002120,30
9643,DG1002120,72
9644,DG1002120,5
9645,DG1002120,1
9646,DG1002120,12
9647,DG1002120,209
9647,DG1002121,97
9649,DG1002121,3
9650,DG1002121,108
9651,DG1002121,7
9652,DG1002121,45
9653,DG1002121,2
9683,DG1001127,34
9684,DG1001127,4
9685,DG1001127,3
9686,DG1001127,1
9687,DG1001125,73
9688,DG1001125,57
9700,DG1001124,1
9754,DG1001320,2
9759,DG1002120,8
9760,DG1002120,178
9761,DG1002120,4
9762,DG1002120,7
9763,DG1002120,61
9764,DG1002120,249
9764,DG1002121,53
9765,DG1002121,126
9766,DG1002121,16
9767,DG1002121,118
9768,DG1002121,56
9769,DG1002121,48
9805,DG1001123,4
9872,DG1001320,33
9874,DG1001320,2
9877,DG1002120,28
9878,DG1002120,201
9879,DG1002120,34
9880,DG1002120,8
9880,DG1002121,1
9881,DG1002120,35
9881,DG1002121,49
9882,DG1002121,139
9884,DG1002121,3
9987,DG1001320,1
9988,DG1001320,100
9989,DG1001320,103
9990,DG1001320,17
9991,DG1001320,64
9992,DG1001320,7
9995,DG1002120,55
9996,DG1002120,2
9997,DG1002121,205
9998,DG1002121,449
9999,DG1002121,21
10000,DG1002121,1
10001,DG1002121,13
10004,DG1002121,7
10104,DG1001320,6
10105,DG1001320,114
10108,DG1099506,1
10109,DG1001320,4
10112,DG1002120,6
10113,DG1002120,4
10114,DG1002120,1
10114,DG1002121,18
10115,DG1002121,16
10116,DG1002121,1
10121,DG1002121,7
10155,DG1001125,12
10157,DG1001123,25
10157,DG1001125,124
10158,DG1001125,2
10222,DG1001320,55
10229,DG1002120,47
10230,DG1002120,236
10231,DG1002120,60
10232,DG1002121,1
10270,DG1001125,9
10271,DG1001125,3
10273,DG1001123,3
10274,DG1001123,142
10274,DG1001125,42
10275,DG1001123,2
10275,DG1001125,4
10280,DG1013505,5
10347,DG1002120,1
10348,DG1002120,1
10386,DG1001125,1
10387,DG1001125,2
10391,DG1001123,24
10392,DG1001125,86
10463,DG1002120,1
10465,DG1002121,24
10466,DG1002121,42
10508,DG1001125,2
10509,DG1001125,29
10510,DG1001125,114
10515,DG1013505,198
10516,DG1013505,155
10517,DG1013505,34
10519,DG1013505,2
10521,DG1013505,8
10582,DG1002121,4
10583,DG1002121,71
10621,DG1001125,1
10627,DG1001125,3
10628,DG1001125,112
10628,DG1013503,9
10629,DG1013503,50
10629,DG1013596,1
10631,DG1013504,1
10631,DG1013505,11
10632,DG1013505,173
10638,DG1013505,5
10705,DG1099111,5
10745,DG1013503,12
10746,DG1013503,345
10747,DG1013505,84
10748,DG1013504,21
10748,DG1013505,400
10749,DG1013504,5
10749,DG1013505,13
10750,DG1013504,9
10751,DG1013504,5
10752,DG1013504,1
10866,DG1013504,8
10867,DG1013504,7
10868,DG1013504,9
10980,DG1013503,11
10981,DG1013503,5
10982,DG1013503,1
10982,DG1013504,1
10983,DG1013504,5
10984,DG1013504,2
11097,DG1013503,1
11098,DG1013503,6
11099,DG1013503,3
